{
  "screen_corners": [
    [
      107.0,
      49.0
    ],
    [
      1369.0,
      90.0
    ],
    [
      1366.0,
      714.0
    ],
    [
      59.0,
      763.0
    ]
  ],
  "M": [
    [
      1.3178541695112962,
      0.08859523828647364,
      -145.3515628137459
    ],
    [
      -0.05028813548241312,
      1.5478933409464717,
      -70.46594320975889
    ],
    [
      -9.879938177500236e-05,
      4.239076687690158e-05,
      1.0
    ]
  ],
  "resolution": [
    1920,
    1080
  ]
}